time in s,CH2 in V
-9.999996E-6,-97.43E-6
-9.999996E-6,102.6E-6
-9.799996E-6,-217.4E-6
-9.799996E-6,-57.43E-6
-9.599998E-6,-217.4E-6
-9.599998E-6,-57.43E-6
-9.399998E-6,142.6E-6
-9.399998E-6,-137.4E-6
-9.199998E-6,142.6E-6
-9.199998E-6,-97.43E-6
-8.999998E-6,-217.4E-6
-8.999998E-6,-17.43E-6
-8.799998E-6,-217.4E-6
-8.799998E-6,-57.43E-6
-8.599998E-6,-17.43E-6
-8.599998E-6,-177.4E-6
-8.399998E-6,-177.4E-6
-8.399998E-6,-97.43E-6
-8.199999E-6,102.6E-6
-8.199999E-6,-177.4E-6
-7.999999E-6,102.6E-6
-7.999999E-6,-17.43E-6
-7.800000E-6,-57.43E-6
-7.800000E-6,142.6E-6
-7.599999E-6,-137.4E-6
-7.599999E-6,62.57E-6
-7.399999E-6,-217.4E-6
-7.399999E-6,22.57E-6
-7.199999E-6,142.6E-6
-7.199999E-6,-57.43E-6
-6.999999E-6,182.6E-6
-6.999999E-6,-17.43E-6
-6.799999E-6,-177.4E-6
-6.799999E-6,62.57E-6
-6.599999E-6,-457.4E-6
-6.599999E-6,-137.4E-6
-6.399998E-6,142.6E-6
-6.399998E-6,-217.4E-6
-6.199998E-6,62.57E-6
-6.199998E-6,-177.4E-6
-5.999998E-6,22.57E-6
-5.999998E-6,-137.4E-6
-5.799998E-6,102.6E-6
-5.799998E-6,-97.43E-6
-5.599998E-6,222.6E-6
-5.599998E-6,62.57E-6
-5.399998E-6,-97.43E-6
-5.399998E-6,182.6E-6
-5.199998E-6,-217.4E-6
-5.199998E-6,-17.43E-6
-4.999997E-6,22.57E-6
-4.999997E-6,-177.4E-6
-4.799997E-6,62.57E-6
-4.799997E-6,-137.4E-6
-4.599997E-6,-457.4E-6
-4.599997E-6,-57.43E-6
-4.399997E-6,-137.4E-6
-4.399997E-6,-497.4E-6
-4.199997E-6,182.6E-6
-4.199997E-6,-137.4E-6
-3.999996E-6,222.6E-6
-3.999996E-6,22.57E-6
-3.799997E-6,-97.43E-6
-3.799997E-6,102.6E-6
-3.599997E-6,-177.4E-6
-3.599997E-6,-17.43E-6
-3.399997E-6,-177.4E-6
-3.399997E-6,-57.43E-6
-3.199997E-6,-297.4E-6
-3.199997E-6,-137.4E-6
-2.999997E-6,-337.4E-6
-2.999997E-6,-137.4E-6
-2.799997E-6,22.57E-6
-2.799997E-6,-257.4E-6
-2.599997E-6,182.6E-6
-2.599997E-6,-17.43E-6
-2.399997E-6,182.6E-6
-2.399997E-6,22.57E-6
-2.199997E-6,-217.4E-6
-2.199997E-6,62.57E-6
-1.999997E-6,-217.4E-6
-1.999997E-6,-97.43E-6
-1.799997E-6,-257.4E-6
-1.799997E-6,-137.4E-6
-1.599997E-6,-257.4E-6
-1.599997E-6,-137.4E-6
-1.399997E-6,-57.43E-6
-1.399997E-6,-257.4E-6
-1.199997E-6,22.57E-6
-1.199997E-6,-177.4E-6
-999.9974E-9,62.57E-6
-999.9974E-9,-97.43E-6
-799.9974E-9,-177.4E-6
-799.9974E-9,22.57E-6
-599.9974E-9,22.57E-6
-599.9974E-9,-177.4E-6
-399.9974E-9,222.6E-6
-399.9974E-9,-57.43E-6
-199.9974E-9,6.543E-3
-199.9974E-9,-3.657E-3
2.557954E-12,6.543E-3
2.557954E-12,-3.657E-3
200.0025E-9,6.543E-3
200.0025E-9,-3.657E-3
400.0025E-9,6.543E-3
400.0025E-9,-3.657E-3
600.0025E-9,6.543E-3
600.0025E-9,-3.657E-3
800.0025E-9,3.343E-3
800.0025E-9,-3.577E-3
1.000003E-6,1.703E-3
1.000003E-6,-3.657E-3
1.200003E-6,6.543E-3
1.200003E-6,-3.657E-3
1.400003E-6,6.543E-3
1.400003E-6,-3.657E-3
1.600002E-6,6.543E-3
1.600002E-6,-3.657E-3
1.800002E-6,6.543E-3
1.800002E-6,-3.657E-3
2.000002E-6,5.383E-3
2.000002E-6,-3.657E-3
2.200002E-6,6.543E-3
2.200002E-6,-3.657E-3
2.400002E-6,6.343E-3
2.400002E-6,-3.657E-3
2.600004E-6,4.223E-3
2.600004E-6,-1.857E-3
2.800003E-6,1.863E-3
2.800003E-6,-3.657E-3
3.000003E-6,3.903E-3
3.000003E-6,-2.297E-3
3.200003E-6,1.503E-3
3.200003E-6,-3.017E-3
3.400003E-6,1.863E-3
3.400003E-6,-977.4E-6
3.600003E-6,502.6E-6
3.600003E-6,-1.097E-3
3.800003E-6,502.6E-6
3.800003E-6,-177.4E-6
4.000003E-6,262.6E-6
4.000003E-6,-177.4E-6
4.200004E-6,502.6E-6
4.200004E-6,-57.43E-6
4.400004E-6,662.6E-6
4.400004E-6,262.6E-6
4.600004E-6,462.6E-6
4.600004E-6,102.6E-6
4.800004E-6,502.6E-6
4.800004E-6,102.6E-6
5.000004E-6,742.6E-6
5.000004E-6,182.6E-6
5.200004E-6,702.6E-6
5.200004E-6,62.57E-6
5.400005E-6,582.6E-6
5.400005E-6,62.57E-6
5.600005E-6,702.6E-6
5.600005E-6,502.6E-6
5.800005E-6,462.6E-6
5.800005E-6,622.6E-6
6.000005E-6,862.6E-6
6.000005E-6,622.6E-6
6.200005E-6,862.6E-6
6.200005E-6,582.6E-6
6.400005E-6,982.6E-6
6.400005E-6,742.6E-6
6.600005E-6,262.6E-6
6.600005E-6,822.6E-6
6.800006E-6,702.6E-6
6.800006E-6,302.6E-6
7.000006E-6,702.6E-6
7.000006E-6,542.6E-6
7.200006E-6,902.6E-6
7.200006E-6,622.6E-6
7.400006E-6,902.6E-6
7.400006E-6,622.6E-6
7.600006E-6,582.6E-6
7.600006E-6,782.6E-6
7.800006E-6,582.6E-6
7.800006E-6,742.6E-6
8.000006E-6,542.6E-6
8.000006E-6,662.6E-6
8.200005E-6,382.6E-6
8.200005E-6,582.6E-6
8.400006E-6,662.6E-6
8.400006E-6,342.6E-6
8.600006E-6,782.6E-6
8.600006E-6,622.6E-6
8.800004E-6,462.6E-6
8.800004E-6,782.6E-6
9.000004E-6,302.6E-6
9.000004E-6,542.6E-6
9.200004E-6,582.6E-6
9.200004E-6,462.6E-6
9.400004E-6,462.6E-6
9.400004E-6,582.6E-6
9.600004E-6,342.6E-6
9.600004E-6,582.6E-6
9.800004E-6,182.6E-6
9.800004E-6,382.6E-6
10.00000E-6,102.6E-6
10.00000E-6,302.6E-6
10.20000E-6,342.6E-6
10.20000E-6,222.6E-6
10.40000E-6,142.6E-6
10.40000E-6,342.6E-6
10.60000E-6,142.6E-6
10.60000E-6,302.6E-6
10.80000E-6,142.6E-6
10.80000E-6,222.6E-6
11.00000E-6,62.57E-6
11.00000E-6,222.6E-6
11.20000E-6,-177.4E-6
11.20000E-6,142.6E-6
11.40000E-6,-217.4E-6
11.40000E-6,-57.43E-6
11.60000E-6,222.6E-6
11.60000E-6,-137.4E-6
11.80000E-6,182.6E-6
11.80000E-6,62.57E-6
12.00000E-6,-97.43E-6
12.00000E-6,102.6E-6
12.20000E-6,-177.4E-6
12.20000E-6,62.57E-6
12.40000E-6,-297.4E-6
12.40000E-6,-57.43E-6
12.60000E-6,-257.4E-6
12.60000E-6,-137.4E-6
12.80000E-6,-297.4E-6
12.80000E-6,-177.4E-6
13.00000E-6,-297.4E-6
13.00000E-6,-137.4E-6
13.20000E-6,-97.43E-6
13.20000E-6,-217.4E-6
13.40000E-6,-417.4E-6
13.40000E-6,-177.4E-6
13.60000E-6,-457.4E-6
13.60000E-6,-337.4E-6
13.80000E-6,-257.4E-6
13.80000E-6,-417.4E-6
14.00000E-6,-217.4E-6
14.00000E-6,-377.4E-6
14.20000E-6,-497.4E-6
14.20000E-6,-297.4E-6
14.40000E-6,-497.4E-6
14.40000E-6,-377.4E-6
14.60000E-6,-497.4E-6
14.60000E-6,-377.4E-6
14.80000E-6,-537.4E-6
14.80000E-6,-377.4E-6
15.00000E-6,-577.4E-6
15.00000E-6,-417.4E-6
15.20000E-6,-337.4E-6
15.20000E-6,-537.4E-6
15.40000E-6,-257.4E-6
15.40000E-6,-457.4E-6
15.60000E-6,-537.4E-6
15.60000E-6,-337.4E-6
15.80000E-6,-657.4E-6
15.80000E-6,-457.4E-6
16.00000E-6,-457.4E-6
16.00000E-6,-697.4E-6
16.20000E-6,-337.4E-6
16.20000E-6,-537.4E-6
16.40000E-6,-577.4E-6
16.40000E-6,-417.4E-6
16.60000E-6,-617.4E-6
16.60000E-6,-497.4E-6
16.80000E-6,-337.4E-6
16.80000E-6,-577.4E-6
17.00000E-6,-337.4E-6
17.00000E-6,-497.4E-6
17.20000E-6,-537.4E-6
17.20000E-6,-377.4E-6
17.40000E-6,-577.4E-6
17.40000E-6,-457.4E-6
17.60000E-6,-337.4E-6
17.60000E-6,-537.4E-6
17.80000E-6,-297.4E-6
17.80000E-6,-457.4E-6
18.00000E-6,-537.4E-6
18.00000E-6,-337.4E-6
18.20000E-6,-257.4E-6
18.20000E-6,-457.4E-6
18.40000E-6,-97.43E-6
18.40000E-6,-377.4E-6
18.60000E-6,-137.4E-6
18.60000E-6,-257.4E-6
18.80000E-6,-337.4E-6
18.80000E-6,-217.4E-6
19.00000E-6,-297.4E-6
19.00000E-6,-177.4E-6
19.20000E-6,-297.4E-6
19.20000E-6,-177.4E-6
19.40000E-6,-57.43E-6
19.40000E-6,-217.4E-6
19.60000E-6,262.6E-6
19.60000E-6,-97.43E-6
19.80000E-6,142.6E-6
19.80000E-6,-297.4E-6
20.00000E-6,22.57E-6
20.00000E-6,-337.4E-6
20.20000E-6,102.6E-6
20.20000E-6,-297.4E-6
20.40000E-6,22.57E-6
20.40000E-6,-337.4E-6
20.60000E-6,102.6E-6
20.60000E-6,-57.43E-6
20.79999E-6,-97.43E-6
20.79999E-6,102.6E-6
21.00000E-6,182.6E-6
21.00000E-6,22.57E-6
21.19999E-6,22.57E-6
21.19999E-6,142.6E-6
21.39999E-6,222.6E-6
21.39999E-6,62.57E-6
21.59999E-6,342.6E-6
21.59999E-6,142.6E-6
21.79999E-6,102.6E-6
21.79999E-6,262.6E-6
21.99999E-6,-177.4E-6
21.99999E-6,222.6E-6
22.19999E-6,302.6E-6
22.19999E-6,62.57E-6
22.39999E-6,262.6E-6
22.39999E-6,102.6E-6
22.59999E-6,62.57E-6
22.59999E-6,262.6E-6
22.79999E-6,382.6E-6
22.79999E-6,182.6E-6
22.99999E-6,462.6E-6
22.99999E-6,262.6E-6
23.19999E-6,62.57E-6
23.19999E-6,422.6E-6
23.39999E-6,-57.43E-6
23.39999E-6,102.6E-6
23.59999E-6,182.6E-6
23.59999E-6,-17.43E-6
23.79999E-6,302.6E-6
23.79999E-6,142.6E-6
23.99999E-6,142.6E-6
23.99999E-6,262.6E-6
24.19999E-6,142.6E-6
24.19999E-6,302.6E-6
24.39999E-6,382.6E-6
24.39999E-6,222.6E-6
24.59999E-6,142.6E-6
24.59999E-6,382.6E-6
24.79999E-6,62.57E-6
24.79999E-6,222.6E-6
24.99999E-6,262.6E-6
24.99999E-6,102.6E-6
25.19999E-6,382.6E-6
25.19999E-6,222.6E-6
25.39999E-6,22.57E-6
25.39999E-6,342.6E-6
25.59999E-6,-57.43E-6
25.59999E-6,102.6E-6
25.79999E-6,142.6E-6
25.79999E-6,-57.43E-6
25.99999E-6,182.6E-6
25.99999E-6,22.57E-6
26.19999E-6,22.57E-6
26.19999E-6,102.6E-6
26.39999E-6,22.57E-6
26.39999E-6,182.6E-6
26.59999E-6,62.57E-6
26.59999E-6,182.6E-6
26.79999E-6,-17.43E-6
26.79999E-6,182.6E-6
26.99999E-6,-57.43E-6
26.99999E-6,102.6E-6
27.19999E-6,-57.43E-6
27.19999E-6,62.57E-6
27.39999E-6,-97.43E-6
27.39999E-6,102.6E-6
27.59999E-6,-257.4E-6
27.59999E-6,-17.43E-6
27.79998E-6,-297.4E-6
27.79998E-6,-177.4E-6
27.99998E-6,22.57E-6
27.99998E-6,-217.4E-6
28.19998E-6,102.6E-6
28.19998E-6,-17.43E-6
28.39998E-6,-57.43E-6
28.39998E-6,102.6E-6
28.59998E-6,-97.43E-6
28.59998E-6,62.57E-6
28.79998E-6,-137.4E-6
28.79998E-6,22.57E-6
28.99998E-6,-297.4E-6
28.99998E-6,-97.43E-6
29.20000E-6,-377.4E-6
29.20000E-6,-257.4E-6
29.40000E-6,-57.43E-6
29.40000E-6,-337.4E-6
29.60000E-6,62.57E-6
29.60000E-6,-97.43E-6
29.80000E-6,102.6E-6
29.80000E-6,-97.43E-6
30.00000E-6,-257.4E-6
30.00000E-6,-17.43E-6
30.20000E-6,-377.4E-6
30.20000E-6,-177.4E-6
30.40000E-6,-137.4E-6
30.40000E-6,-297.4E-6
30.60000E-6,-257.4E-6
30.60000E-6,-137.4E-6
30.80000E-6,-337.4E-6
30.80000E-6,-177.4E-6
31.00000E-6,-97.43E-6
31.00000E-6,-257.4E-6
31.20001E-6,-217.4E-6
31.20001E-6,-97.43E-6
31.40001E-6,-217.4E-6
31.40001E-6,-57.43E-6
31.60001E-6,-177.4E-6
31.60001E-6,-57.43E-6
31.80001E-6,-217.4E-6
31.80001E-6,-17.43E-6
32.00001E-6,22.57E-6
32.00001E-6,-137.4E-6
32.20001E-6,-337.4E-6
32.20001E-6,22.57E-6
32.40001E-6,-337.4E-6
32.40001E-6,-177.4E-6
32.60002E-6,-137.4E-6
32.60002E-6,-297.4E-6
32.80002E-6,22.57E-6
32.80002E-6,-217.4E-6
33.00002E-6,22.57E-6
33.00002E-6,-257.4E-6
33.20002E-6,-537.4E-6
33.20002E-6,-177.4E-6
33.40002E-6,22.57E-6
33.40002E-6,-217.4E-6
33.60002E-6,-297.4E-6
33.60002E-6,-97.43E-6
33.80003E-6,-57.43E-6
33.80003E-6,-217.4E-6
34.00003E-6,-17.43E-6
34.00003E-6,-217.4E-6
34.20003E-6,22.57E-6
34.20003E-6,-137.4E-6
34.40003E-6,-217.4E-6
34.40003E-6,-57.43E-6
34.60003E-6,-257.4E-6
34.60003E-6,-137.4E-6
34.80003E-6,-17.43E-6
34.80003E-6,-177.4E-6
35.00003E-6,62.57E-6
35.00003E-6,-97.43E-6
35.20004E-6,-417.4E-6
35.20004E-6,-17.43E-6
35.40004E-6,62.57E-6
35.40004E-6,-297.4E-6
35.60004E-6,102.6E-6
35.60004E-6,-97.43E-6
35.80004E-6,102.6E-6
35.80004E-6,-137.4E-6
36.00004E-6,-217.4E-6
36.00004E-6,-57.43E-6
36.20004E-6,-17.43E-6
36.20004E-6,-217.4E-6
36.40004E-6,102.6E-6
36.40004E-6,-97.43E-6
36.60005E-6,-137.4E-6
36.60005E-6,62.57E-6
36.80005E-6,-257.4E-6
36.80005E-6,-57.43E-6
37.00005E-6,22.57E-6
37.00005E-6,-257.4E-6
37.20005E-6,182.6E-6
37.20005E-6,-17.43E-6
37.40005E-6,182.6E-6
37.40005E-6,22.57E-6
37.60005E-6,-177.4E-6
37.60005E-6,62.57E-6
37.80006E-6,-217.4E-6
37.80006E-6,-57.43E-6
38.00006E-6,22.57E-6
38.00006E-6,-137.4E-6
38.20006E-6,102.6E-6
38.20006E-6,-57.43E-6
38.40006E-6,-57.43E-6
38.40006E-6,62.57E-6
38.60006E-6,142.6E-6
38.60006E-6,-57.43E-6
38.80006E-6,182.6E-6
38.80006E-6,22.57E-6
39.00006E-6,-17.43E-6
39.00006E-6,182.6E-6
39.20007E-6,-97.43E-6
39.20007E-6,62.57E-6
39.40007E-6,222.6E-6
39.40007E-6,22.57E-6
39.60007E-6,-57.43E-6
39.60007E-6,182.6E-6
39.80007E-6,-177.4E-6
39.80007E-6,-17.43E-6
40.00007E-6,-177.4E-6
40.00007E-6,-57.43E-6
40.20007E-6,62.57E-6
40.20007E-6,-177.4E-6
40.40008E-6,182.6E-6
40.40008E-6,-17.43E-6
40.60008E-6,22.57E-6
40.60008E-6,142.6E-6
40.80008E-6,222.6E-6
40.80008E-6,62.57E-6
41.00008E-6,-97.43E-6
41.00008E-6,222.6E-6
41.20008E-6,-217.4E-6
41.20008E-6,22.57E-6
41.40008E-6,22.57E-6
41.40008E-6,-257.4E-6
41.60008E-6,142.6E-6
41.60008E-6,-57.43E-6
41.80009E-6,222.6E-6
41.80009E-6,62.57E-6
42.00009E-6,22.57E-6
42.00009E-6,222.6E-6
42.20009E-6,-97.43E-6
42.20009E-6,142.6E-6
42.40000E-6,182.6E-6
42.40000E-6,-17.43E-6
42.60000E-6,-177.4E-6
42.60000E-6,102.6E-6
42.80000E-6,-297.4E-6
42.80000E-6,-97.43E-6
43.00001E-6,-17.43E-6
43.00001E-6,-217.4E-6
43.20001E-6,102.6E-6
43.20001E-6,-97.43E-6
43.40001E-6,-137.4E-6
43.40001E-6,62.57E-6
43.60001E-6,-217.4E-6
43.60001E-6,-57.43E-6
43.80001E-6,62.57E-6
43.80001E-6,-177.4E-6
44.00001E-6,102.6E-6
44.00001E-6,-57.43E-6
44.20001E-6,-177.4E-6
44.20001E-6,62.57E-6
44.40002E-6,-257.4E-6
44.40002E-6,-137.4E-6
44.60002E-6,-17.43E-6
44.60002E-6,-257.4E-6
44.80002E-6,22.57E-6
44.80002E-6,-97.43E-6
45.00002E-6,-177.4E-6
45.00002E-6,-57.43E-6
45.20002E-6,-217.4E-6
45.20002E-6,-57.43E-6
45.40002E-6,-137.4E-6
45.40002E-6,-57.43E-6
45.60003E-6,-217.4E-6
45.60003E-6,-17.43E-6
45.80003E-6,-297.4E-6
45.80003E-6,-137.4E-6
46.00003E-6,62.57E-6
46.00003E-6,-297.4E-6
46.20003E-6,102.6E-6
46.20003E-6,-97.43E-6
46.40003E-6,-337.4E-6
46.40003E-6,-97.43E-6
46.60003E-6,22.57E-6
46.60003E-6,-137.4E-6
46.80003E-6,-337.4E-6
46.80003E-6,-97.43E-6
47.00004E-6,-97.43E-6
47.00004E-6,-257.4E-6
47.20004E-6,-337.4E-6
47.20004E-6,-97.43E-6
47.40004E-6,-17.43E-6
47.40004E-6,-177.4E-6
47.60004E-6,-137.4E-6
47.60004E-6,-17.43E-6
47.80004E-6,-137.4E-6
47.80004E-6,-17.43E-6
48.00004E-6,-177.4E-6
48.00004E-6,-17.43E-6
48.20004E-6,-217.4E-6
48.20004E-6,-57.43E-6
48.40005E-6,-17.43E-6
48.40005E-6,-377.4E-6
48.60005E-6,22.57E-6
48.60005E-6,-377.4E-6
48.80005E-6,-17.43E-6
48.80005E-6,-217.4E-6
49.00005E-6,-17.43E-6
49.00005E-6,-137.4E-6
49.20005E-6,142.6E-6
49.20005E-6,-137.4E-6
49.40005E-6,142.6E-6
49.40005E-6,-57.43E-6
49.60006E-6,-257.4E-6
49.60006E-6,-17.43E-6
49.80006E-6,-257.4E-6
49.80006E-6,-97.43E-6
50.00006E-6,-217.4E-6
50.00006E-6,-97.43E-6
50.20006E-6,-257.4E-6
50.20006E-6,-57.43E-6
50.40006E-6,22.57E-6
50.40006E-6,-137.4E-6
50.60006E-6,102.6E-6
50.60006E-6,-97.43E-6
50.80006E-6,222.6E-6
50.80006E-6,62.57E-6
51.00007E-6,-297.4E-6
51.00007E-6,142.6E-6
51.20007E-6,-337.4E-6
51.20007E-6,-137.4E-6
51.40007E-6,22.57E-6
51.40007E-6,-257.4E-6
51.60007E-6,102.6E-6
51.60007E-6,-57.43E-6
51.80007E-6,142.6E-6
51.80007E-6,-17.43E-6
52.00007E-6,-57.43E-6
52.00007E-6,142.6E-6
52.20008E-6,-97.43E-6
52.20008E-6,102.6E-6
52.40008E-6,102.6E-6
52.40008E-6,-137.4E-6
52.60008E-6,-297.4E-6
52.60008E-6,-97.43E-6
52.80008E-6,-57.43E-6
52.80008E-6,-337.4E-6
53.00008E-6,102.6E-6
53.00008E-6,-97.43E-6
53.20008E-6,102.6E-6
53.20008E-6,-57.43E-6
53.40008E-6,-97.43E-6
53.40008E-6,62.57E-6
53.60009E-6,-137.4E-6
53.60009E-6,22.57E-6
53.80009E-6,62.57E-6
53.80009E-6,-97.43E-6
54.00009E-6,-97.43E-6
54.00009E-6,22.57E-6
54.20009E-6,-137.4E-6
54.20009E-6,-17.43E-6
54.40009E-6,-97.43E-6
54.40009E-6,22.57E-6
54.60009E-6,-97.43E-6
54.60009E-6,22.57E-6
54.80009E-6,-177.4E-6
54.80009E-6,22.57E-6
55.00010E-6,62.57E-6
55.00010E-6,-137.4E-6
55.20010E-6,102.6E-6
55.20010E-6,-57.43E-6
55.40010E-6,-137.4E-6
55.40010E-6,102.6E-6
55.60000E-6,-177.4E-6
55.60000E-6,-17.43E-6
55.80000E-6,-137.4E-6
55.80000E-6,-17.43E-6
56.00001E-6,-97.43E-6
56.00001E-6,22.57E-6
56.20001E-6,-137.4E-6
56.20001E-6,-17.43E-6
56.40001E-6,-177.4E-6
56.40001E-6,-57.43E-6
56.60001E-6,22.57E-6
56.60001E-6,-137.4E-6
56.80001E-6,62.57E-6
56.80001E-6,-97.43E-6
57.00001E-6,-137.4E-6
57.00001E-6,-17.43E-6
57.20001E-6,-177.4E-6
57.20001E-6,-17.43E-6
57.40002E-6,182.6E-6
57.40002E-6,-97.43E-6
57.60002E-6,222.6E-6
57.60002E-6,22.57E-6
57.80002E-6,-217.4E-6
57.80002E-6,62.57E-6
58.00002E-6,-217.4E-6
58.00002E-6,-57.43E-6
58.20002E-6,62.57E-6
58.20002E-6,-137.4E-6
58.40002E-6,102.6E-6
58.40002E-6,-17.43E-6
58.60003E-6,-137.4E-6
58.60003E-6,22.57E-6
58.80003E-6,62.57E-6
58.80003E-6,-97.43E-6
59.00003E-6,102.6E-6
59.00003E-6,-57.43E-6
59.20003E-6,-57.43E-6
59.20003E-6,102.6E-6
59.40003E-6,182.6E-6
59.40003E-6,-97.43E-6
59.60003E-6,-377.4E-6
59.60003E-6,-97.43E-6
59.80003E-6,222.6E-6
59.80003E-6,-257.4E-6
60.00004E-6,222.6E-6
60.00004E-6,-217.4E-6
60.20004E-6,62.57E-6
60.20004E-6,-217.4E-6
60.40004E-6,62.57E-6
60.40004E-6,-97.43E-6
60.60004E-6,102.6E-6
60.60004E-6,-57.43E-6
60.80004E-6,-57.43E-6
60.80004E-6,102.6E-6
61.00004E-6,-177.4E-6
61.00004E-6,-17.43E-6
61.20005E-6,102.6E-6
61.20005E-6,-97.43E-6
61.40005E-6,182.6E-6
61.40005E-6,22.57E-6
61.60005E-6,-57.43E-6
61.60005E-6,62.57E-6
61.80005E-6,222.6E-6
61.80005E-6,-337.4E-6
62.00005E-6,142.6E-6
62.00005E-6,-97.43E-6
62.20005E-6,-257.4E-6
62.20005E-6,22.57E-6
62.40005E-6,-257.4E-6
62.40005E-6,-97.43E-6
62.60006E-6,62.57E-6
62.60006E-6,-137.4E-6
62.80006E-6,182.6E-6
62.80006E-6,-17.43E-6
63.00006E-6,-97.43E-6
63.00006E-6,102.6E-6
63.20006E-6,-177.4E-6
63.20006E-6,-17.43E-6
63.40006E-6,-177.4E-6
63.40006E-6,-17.43E-6
63.60006E-6,-177.4E-6
63.60006E-6,-57.43E-6
63.80006E-6,-257.4E-6
63.80006E-6,-137.4E-6
64.00007E-6,22.57E-6
64.00007E-6,-217.4E-6
64.20007E-6,182.6E-6
64.20007E-6,-17.43E-6
64.40007E-6,222.6E-6
64.40007E-6,22.57E-6
64.60007E-6,-177.4E-6
64.60007E-6,102.6E-6
64.80007E-6,-257.4E-6
64.80007E-6,-97.43E-6
65.00007E-6,-17.43E-6
65.00007E-6,-177.4E-6
65.20008E-6,-217.4E-6
65.20008E-6,-57.43E-6
65.40008E-6,-297.4E-6
65.40008E-6,-137.4E-6
65.60008E-6,-17.43E-6
65.60008E-6,-257.4E-6
65.80008E-6,102.6E-6
65.80008E-6,-97.43E-6
66.00008E-6,102.6E-6
66.00008E-6,-97.43E-6
66.20008E-6,-177.4E-6
66.20008E-6,-17.43E-6
66.40008E-6,-177.4E-6
66.40008E-6,-17.43E-6
66.60009E-6,-177.4E-6
66.60009E-6,-17.43E-6
66.80009E-6,-297.4E-6
66.80009E-6,-137.4E-6
67.00009E-6,-57.43E-6
67.00009E-6,-297.4E-6
67.20009E-6,182.6E-6
67.20009E-6,-97.43E-6
67.40009E-6,222.6E-6
67.40009E-6,22.57E-6
67.60009E-6,-137.4E-6
67.60009E-6,102.6E-6
67.80010E-6,-177.4E-6
67.80010E-6,-57.43E-6
68.00010E-6,-177.4E-6
68.00010E-6,-57.43E-6
68.20010E-6,-177.4E-6
68.20010E-6,-57.43E-6
68.40010E-6,-177.4E-6
68.40010E-6,-17.43E-6
68.60010E-6,142.6E-6
68.60010E-6,-57.43E-6
68.80000E-6,-17.43E-6
68.80000E-6,102.6E-6
69.00000E-6,-97.43E-6
69.00000E-6,62.57E-6
69.20000E-6,-137.4E-6
69.20000E-6,-17.43E-6
69.40001E-6,-97.43E-6
69.40001E-6,22.57E-6
69.60001E-6,-97.43E-6
69.60001E-6,62.57E-6
69.80001E-6,-137.4E-6
69.80001E-6,62.57E-6
70.00001E-6,-137.4E-6
70.00001E-6,22.57E-6
70.20001E-6,102.6E-6
70.20001E-6,-17.43E-6
70.40001E-6,-137.4E-6
70.40001E-6,22.57E-6
70.60001E-6,-177.4E-6
70.60001E-6,-57.43E-6
70.80002E-6,-177.4E-6
70.80002E-6,-17.43E-6
71.00002E-6,62.57E-6
71.00002E-6,-137.4E-6
71.20002E-6,142.6E-6
71.20002E-6,-57.43E-6
71.40002E-6,142.6E-6
71.40002E-6,-57.43E-6
71.60002E-6,-17.43E-6
71.60002E-6,102.6E-6
71.80002E-6,222.6E-6
71.80002E-6,22.57E-6
72.00003E-6,-217.4E-6
72.00003E-6,102.6E-6
72.20003E-6,-297.4E-6
72.20003E-6,-137.4E-6
72.40003E-6,-97.43E-6
72.40003E-6,-297.4E-6
72.60003E-6,182.6E-6
72.60003E-6,-137.4E-6
72.80003E-6,182.6E-6
72.80003E-6,-217.4E-6
73.00003E-6,102.6E-6
73.00003E-6,-257.4E-6
73.20003E-6,182.6E-6
73.20003E-6,-17.43E-6
73.40004E-6,-137.4E-6
73.40004E-6,22.57E-6
73.60004E-6,-377.4E-6
73.60004E-6,-57.43E-6
73.80004E-6,-137.4E-6
73.80004E-6,-417.4E-6
74.00004E-6,62.57E-6
74.00004E-6,-137.4E-6
74.20004E-6,142.6E-6
74.20004E-6,-17.43E-6
74.40004E-6,-57.43E-6
74.40004E-6,102.6E-6
74.60005E-6,-97.43E-6
74.60005E-6,22.57E-6
74.80005E-6,-137.4E-6
74.80005E-6,-17.43E-6
75.00005E-6,-457.4E-6
75.00005E-6,-57.43E-6
75.20005E-6,-57.43E-6
75.20005E-6,-417.4E-6
75.40005E-6,62.57E-6
75.40005E-6,-137.4E-6
75.60005E-6,-137.4E-6
75.60005E-6,22.57E-6
75.80005E-6,-217.4E-6
75.80005E-6,-17.43E-6
76.00006E-6,-17.43E-6
76.00006E-6,-217.4E-6
76.20006E-6,22.57E-6
76.20006E-6,-137.4E-6
76.40006E-6,-137.4E-6
76.40006E-6,22.57E-6
76.60006E-6,-217.4E-6
76.60006E-6,-57.43E-6
76.80006E-6,142.6E-6
76.80006E-6,-177.4E-6
77.00006E-6,102.6E-6
77.00006E-6,-17.43E-6
77.20006E-6,-177.4E-6
77.20006E-6,22.57E-6
77.40007E-6,-257.4E-6
77.40007E-6,-97.43E-6
77.60007E-6,-57.43E-6
77.60007E-6,-217.4E-6
77.80007E-6,-17.43E-6
77.80007E-6,-137.4E-6
78.00007E-6,-177.4E-6
78.00007E-6,-57.43E-6
78.20007E-6,-177.4E-6
78.20007E-6,-17.43E-6
78.40007E-6,142.6E-6
78.40007E-6,-57.43E-6
78.60008E-6,182.6E-6
78.60008E-6,-17.43E-6
78.80008E-6,-177.4E-6
78.80008E-6,62.57E-6
79.00008E-6,-177.4E-6
79.00008E-6,-57.43E-6
79.20008E-6,22.57E-6
79.20008E-6,-97.43E-6
79.40008E-6,-137.4E-6
79.40008E-6,-17.43E-6
79.60008E-6,-177.4E-6
79.60008E-6,-57.43E-6
79.80008E-6,-177.4E-6
79.80008E-6,-57.43E-6
80.00009E-6,62.57E-6
80.00009E-6,-137.4E-6
80.20009E-6,102.6E-6
80.20009E-6,-97.43E-6
80.40009E-6,-177.4E-6
80.40009E-6,-57.43E-6
80.60009E-6,22.57E-6
80.60009E-6,-137.4E-6
80.80009E-6,62.57E-6
80.80009E-6,-97.43E-6
81.00009E-6,-137.4E-6
81.00009E-6,22.57E-6
81.20010E-6,62.57E-6
81.20010E-6,-97.43E-6
81.40010E-6,-97.43E-6
81.40010E-6,62.57E-6
81.60010E-6,-137.4E-6
81.60010E-6,22.57E-6
81.80010E-6,102.6E-6
81.80010E-6,-177.4E-6
82.00000E-6,22.57E-6
82.00000E-6,-177.4E-6
82.20000E-6,62.57E-6
82.20000E-6,-57.43E-6
82.40000E-6,-297.4E-6
82.40000E-6,-17.43E-6
82.60000E-6,-297.4E-6
82.60000E-6,-137.4E-6
82.80001E-6,-17.43E-6
82.80001E-6,-177.4E-6
83.00001E-6,-137.4E-6
83.00001E-6,-17.43E-6
83.20001E-6,-137.4E-6
83.20001E-6,-17.43E-6
83.40001E-6,-217.4E-6
83.40001E-6,-97.43E-6
83.60001E-6,62.57E-6
83.60001E-6,-137.4E-6
83.80001E-6,182.6E-6
83.80001E-6,-17.43E-6
84.00002E-6,-97.43E-6
84.00002E-6,142.6E-6
84.20002E-6,-177.4E-6
84.20002E-6,-17.43E-6
84.40002E-6,-177.4E-6
84.40002E-6,-57.43E-6
84.60002E-6,-217.4E-6
84.60002E-6,-137.4E-6
84.80002E-6,-337.4E-6
84.80002E-6,-177.4E-6
85.00002E-6,-57.43E-6
85.00002E-6,-297.4E-6
85.20002E-6,142.6E-6
85.20002E-6,-137.4E-6
85.40002E-6,182.6E-6
85.40002E-6,-17.43E-6
85.60002E-6,-177.4E-6
85.60002E-6,62.57E-6
85.80004E-6,-257.4E-6
85.80004E-6,-17.43E-6
86.00004E-6,22.57E-6
86.00004E-6,-137.4E-6
86.20004E-6,-417.4E-6
86.20004E-6,-137.4E-6
86.40004E-6,182.6E-6
86.40004E-6,-257.4E-6
86.60004E-6,182.6E-6
86.60004E-6,-57.43E-6
86.80004E-6,182.6E-6
86.80004E-6,-17.43E-6
87.00004E-6,182.6E-6
87.00004E-6,-137.4E-6
87.20004E-6,-217.4E-6
87.20004E-6,-17.43E-6
87.40004E-6,-297.4E-6
87.40004E-6,-97.43E-6
87.60004E-6,-17.43E-6
87.60004E-6,-177.4E-6
87.80004E-6,-137.4E-6
87.80004E-6,-17.43E-6
88.00004E-6,-137.4E-6
88.00004E-6,22.57E-6
88.20004E-6,102.6E-6
88.20004E-6,-217.4E-6
88.40006E-6,182.6E-6
88.40006E-6,-217.4E-6
88.60006E-6,102.6E-6
88.60006E-6,-17.43E-6
88.80006E-6,-177.4E-6
88.80006E-6,102.6E-6
89.00006E-6,62.57E-6
89.00006E-6,-137.4E-6
89.20006E-6,-137.4E-6
89.20006E-6,22.57E-6
89.40006E-6,-217.4E-6
89.40006E-6,-57.43E-6
89.60006E-6,102.6E-6
89.60006E-6,-137.4E-6
89.80006E-6,62.57E-6
89.80006E-6,-17.43E-6
90.00006E-6,-97.43E-6
90.00006E-6,102.6E-6
90.20006E-6,-177.4E-6
90.20006E-6,-17.43E-6
90.40006E-6,22.57E-6
90.40006E-6,-177.4E-6
90.60006E-6,62.57E-6
90.60006E-6,-97.43E-6
90.80006E-6,-217.4E-6
90.80006E-6,-17.43E-6
91.00008E-6,102.6E-6
91.00008E-6,-177.4E-6
91.20008E-6,182.6E-6
91.20008E-6,62.57E-6
91.40008E-6,-137.4E-6
91.40008E-6,102.6E-6
91.60008E-6,-217.4E-6
91.60008E-6,-57.43E-6
91.80008E-6,-257.4E-6
91.80008E-6,-137.4E-6
92.00008E-6,62.57E-6
92.00008E-6,-177.4E-6
92.20008E-6,62.57E-6
92.20008E-6,-97.43E-6
92.40008E-6,-297.4E-6
92.40008E-6,-57.43E-6
92.60008E-6,22.57E-6
92.60008E-6,-257.4E-6
92.80008E-6,142.6E-6
92.80008E-6,-97.43E-6
93.00008E-6,102.6E-6
93.00008E-6,-177.4E-6
93.20008E-6,-257.4E-6
93.20008E-6,-137.4E-6
93.40008E-6,-57.43E-6
93.40008E-6,-297.4E-6
93.60010E-6,22.57E-6
93.60010E-6,-137.4E-6
93.80010E-6,-97.43E-6
93.80010E-6,22.57E-6
94.00010E-6,-177.4E-6
94.00010E-6,-17.43E-6
94.20010E-6,62.57E-6
94.20010E-6,-137.4E-6
94.40010E-6,102.6E-6
94.40010E-6,-137.4E-6
94.60010E-6,-337.4E-6
94.60010E-6,-97.43E-6
94.80010E-6,-97.43E-6
94.80010E-6,-297.4E-6
95.00010E-6,62.57E-6
95.00010E-6,-177.4E-6
95.20000E-6,142.6E-6
95.20000E-6,-17.43E-6
95.40000E-6,-177.4E-6
95.40000E-6,62.57E-6
95.60000E-6,-177.4E-6
95.60000E-6,-57.43E-6
95.80000E-6,-217.4E-6
95.80000E-6,-97.43E-6
96.00000E-6,-297.4E-6
96.00000E-6,-137.4E-6
96.20000E-6,-17.43E-6
96.20000E-6,-217.4E-6
96.40000E-6,102.6E-6
96.40000E-6,-97.43E-6
96.60002E-6,182.6E-6
96.60002E-6,22.57E-6
96.80002E-6,-97.43E-6
96.80002E-6,102.6E-6
97.00002E-6,-177.4E-6
97.00002E-6,-57.43E-6
97.20002E-6,-177.4E-6
97.20002E-6,-57.43E-6
97.40002E-6,-177.4E-6
97.40002E-6,-17.43E-6
97.60002E-6,-177.4E-6
97.60002E-6,-97.43E-6
97.80002E-6,22.57E-6
97.80002E-6,-177.4E-6
98.00002E-6,102.6E-6
98.00002E-6,-57.43E-6
98.20002E-6,-57.43E-6
98.20002E-6,62.57E-6
98.40002E-6,-137.4E-6
98.40002E-6,22.57E-6
98.60002E-6,62.57E-6
98.60002E-6,-177.4E-6
98.80002E-6,102.6E-6
98.80002E-6,-17.43E-6
99.00002E-6,-17.43E-6
99.00002E-6,142.6E-6
99.20004E-6,-377.4E-6
99.20004E-6,62.57E-6
99.40004E-6,-17.43E-6
99.40004E-6,-537.4E-6
99.60004E-6,182.6E-6
99.60004E-6,-17.43E-6
99.80004E-6,-137.4E-6
99.80004E-6,62.57E-6
100.0000E-6,102.6E-6
100.0000E-6,-97.43E-6
100.2000E-6,-137.4E-6
100.2000E-6,-17.43E-6
100.4000E-6,62.57E-6
100.4000E-6,-57.43E-6
100.6000E-6,-217.4E-6
100.6000E-6,62.57E-6
100.8000E-6,-257.4E-6
100.8000E-6,-97.43E-6
101.0000E-6,142.6E-6
101.0000E-6,-177.4E-6
101.2000E-6,182.6E-6
101.2000E-6,-57.43E-6
101.4000E-6,-417.4E-6
101.4000E-6,22.57E-6
101.6000E-6,62.57E-6
101.6000E-6,-257.4E-6
101.8001E-6,62.57E-6
101.8001E-6,-97.43E-6
102.0001E-6,142.6E-6
102.0001E-6,-57.43E-6
102.2001E-6,-177.4E-6
102.2001E-6,22.57E-6
102.4001E-6,-217.4E-6
102.4001E-6,-57.43E-6
102.6001E-6,-17.43E-6
102.6001E-6,-177.4E-6
102.8001E-6,-217.4E-6
102.8001E-6,-57.43E-6
103.0001E-6,-177.4E-6
103.0001E-6,-97.43E-6
103.2001E-6,-177.4E-6
103.2001E-6,-17.43E-6
103.4001E-6,-137.4E-6
103.4001E-6,-17.43E-6
103.6001E-6,-177.4E-6
103.6001E-6,-57.43E-6
103.8001E-6,-177.4E-6
103.8001E-6,-17.43E-6
104.0001E-6,22.57E-6
104.0001E-6,-177.4E-6
104.2001E-6,22.57E-6
104.2001E-6,-137.4E-6
104.4001E-6,-217.4E-6
104.4001E-6,-17.43E-6
104.6001E-6,-177.4E-6
104.6001E-6,-97.43E-6
104.8001E-6,-177.4E-6
104.8001E-6,-57.43E-6
105.0001E-6,-177.4E-6
105.0001E-6,-57.43E-6
105.2001E-6,-217.4E-6
105.2001E-6,-97.43E-6
105.4001E-6,22.57E-6
105.4001E-6,-177.4E-6
105.6001E-6,62.57E-6
105.6001E-6,-97.43E-6
105.8001E-6,-97.43E-6
105.8001E-6,62.57E-6
106.0001E-6,-177.4E-6
106.0001E-6,22.57E-6
106.2001E-6,62.57E-6
106.2001E-6,-137.4E-6
106.4001E-6,102.6E-6
106.4001E-6,-17.43E-6
106.6001E-6,-257.4E-6
106.6001E-6,62.57E-6
106.8001E-6,-297.4E-6
106.8001E-6,-177.4E-6
107.0001E-6,-17.43E-6
107.0001E-6,-217.4E-6
107.2001E-6,102.6E-6
107.2001E-6,-57.43E-6
107.4001E-6,-57.43E-6
107.4001E-6,62.57E-6
107.6001E-6,-97.43E-6
107.6001E-6,22.57E-6
107.8001E-6,-57.43E-6
107.8001E-6,62.57E-6
108.0001E-6,-177.4E-6
108.0001E-6,22.57E-6
108.2001E-6,-257.4E-6
108.2001E-6,-137.4E-6
108.4000E-6,-257.4E-6
108.4000E-6,-97.43E-6
108.6000E-6,102.6E-6
108.6000E-6,-137.4E-6
108.8000E-6,182.6E-6
108.8000E-6,22.57E-6
109.0000E-6,22.57E-6
109.0000E-6,182.6E-6
109.2000E-6,-97.43E-6
109.2000E-6,62.57E-6
109.4000E-6,-97.43E-6
109.4000E-6,22.57E-6
109.6000E-6,-217.4E-6
109.6000E-6,22.57E-6
109.8000E-6,-217.4E-6
109.8000E-6,-97.43E-6
110.0000E-6,-177.4E-6
110.0000E-6,-57.43E-6
110.2000E-6,-177.4E-6
110.2000E-6,-57.43E-6
110.4000E-6,62.57E-6
110.4000E-6,-137.4E-6
110.6000E-6,62.57E-6
110.6000E-6,-97.43E-6
110.8000E-6,102.6E-6
110.8000E-6,-17.43E-6
111.0000E-6,182.6E-6
111.0000E-6,-17.43E-6
111.2000E-6,-177.4E-6
111.2000E-6,22.57E-6
111.4000E-6,-257.4E-6
111.4000E-6,-57.43E-6
111.6000E-6,22.57E-6
111.6000E-6,-177.4E-6
111.8000E-6,-257.4E-6
111.8000E-6,-57.43E-6
112.0000E-6,22.57E-6
112.0000E-6,-137.4E-6
112.2000E-6,182.6E-6
112.2000E-6,-57.43E-6
112.4000E-6,-257.4E-6
112.4000E-6,62.57E-6
112.6000E-6,-377.4E-6
112.6000E-6,-137.4E-6
112.8000E-6,-57.43E-6
112.8000E-6,-297.4E-6
113.0000E-6,62.57E-6
113.0000E-6,-297.4E-6
113.2000E-6,62.57E-6
113.2000E-6,-177.4E-6
113.4000E-6,-257.4E-6
113.4000E-6,-97.43E-6
113.6000E-6,-217.4E-6
113.6000E-6,-97.43E-6
113.8000E-6,22.57E-6
113.8000E-6,-177.4E-6
114.0000E-6,22.57E-6
114.0000E-6,-137.4E-6
114.2000E-6,-137.4E-6
114.2000E-6,-17.43E-6
114.4000E-6,62.57E-6
114.4000E-6,-137.4E-6
114.6000E-6,62.57E-6
114.6000E-6,-257.4E-6
114.8001E-6,-17.43E-6
114.8001E-6,-257.4E-6
115.0001E-6,-17.43E-6
115.0001E-6,-217.4E-6
115.2001E-6,22.57E-6
115.2001E-6,-257.4E-6
115.4001E-6,102.6E-6
115.4001E-6,-57.43E-6
115.6001E-6,-177.4E-6
115.6001E-6,62.57E-6
115.8001E-6,-217.4E-6
115.8001E-6,-97.43E-6
116.0001E-6,62.57E-6
116.0001E-6,-177.4E-6
116.2001E-6,102.6E-6
116.2001E-6,-17.43E-6
116.4001E-6,-97.43E-6
116.4001E-6,62.57E-6
116.6001E-6,-97.43E-6
116.6001E-6,22.57E-6
116.8001E-6,-177.4E-6
116.8001E-6,22.57E-6
117.0001E-6,-217.4E-6
117.0001E-6,-137.4E-6
117.2001E-6,-257.4E-6
117.2001E-6,-57.43E-6
117.4001E-6,102.6E-6
117.4001E-6,-97.43E-6
117.6001E-6,182.6E-6
117.6001E-6,62.57E-6
117.8001E-6,-17.43E-6
117.8001E-6,142.6E-6
118.0001E-6,-137.4E-6
118.0001E-6,22.57E-6
118.2001E-6,-137.4E-6
118.2001E-6,22.57E-6
118.4001E-6,-177.4E-6
118.4001E-6,22.57E-6
118.6001E-6,-177.4E-6
118.6001E-6,-57.43E-6
118.8001E-6,142.6E-6
118.8001E-6,-137.4E-6
119.0001E-6,142.6E-6
119.0001E-6,22.57E-6
119.2001E-6,-97.43E-6
119.2001E-6,102.6E-6
119.4001E-6,-137.4E-6
119.4001E-6,22.57E-6
119.6001E-6,-217.4E-6
119.6001E-6,-17.43E-6
119.8001E-6,142.6E-6
119.8001E-6,-97.43E-6
120.0001E-6,102.6E-6
120.0001E-6,-177.4E-6
120.2001E-6,-217.4E-6
120.2001E-6,-97.43E-6
120.4001E-6,22.57E-6
120.4001E-6,-177.4E-6
120.6001E-6,22.57E-6
120.6001E-6,-97.43E-6
120.8001E-6,102.6E-6
120.8001E-6,-57.43E-6
121.0001E-6,-97.43E-6
121.0001E-6,62.57E-6
121.2001E-6,-137.4E-6
121.2001E-6,22.57E-6
121.4001E-6,142.6E-6
121.4001E-6,-57.43E-6
121.6000E-6,-217.4E-6
121.6000E-6,102.6E-6
121.8000E-6,-17.43E-6
121.8000E-6,-177.4E-6
122.0000E-6,-137.4E-6
122.0000E-6,-17.43E-6
122.2000E-6,-177.4E-6
122.2000E-6,-17.43E-6
122.4000E-6,-177.4E-6
122.4000E-6,-57.43E-6
122.6000E-6,-257.4E-6
122.6000E-6,-137.4E-6
122.8000E-6,62.57E-6
122.8000E-6,-177.4E-6
123.0000E-6,102.6E-6
123.0000E-6,-17.43E-6
123.2000E-6,-137.4E-6
123.2000E-6,62.57E-6
123.4000E-6,-137.4E-6
123.4000E-6,22.57E-6
123.6000E-6,-137.4E-6
123.6000E-6,22.57E-6
123.8000E-6,-177.4E-6
123.8000E-6,-17.43E-6
124.0000E-6,-177.4E-6
124.0000E-6,-17.43E-6
124.2000E-6,22.57E-6
124.2000E-6,-137.4E-6
124.4000E-6,-137.4E-6
124.4000E-6,22.57E-6
124.6000E-6,-177.4E-6
124.6000E-6,-57.43E-6
124.8000E-6,-217.4E-6
124.8000E-6,-57.43E-6
125.0000E-6,142.6E-6
125.0000E-6,-137.4E-6
125.2000E-6,222.6E-6
125.2000E-6,62.57E-6
125.4000E-6,-57.43E-6
125.4000E-6,222.6E-6
125.6000E-6,-457.4E-6
125.6000E-6,-17.43E-6
125.8000E-6,62.57E-6
125.8000E-6,-297.4E-6
126.0000E-6,102.6E-6
126.0000E-6,-257.4E-6
126.2000E-6,-57.43E-6
126.2000E-6,-257.4E-6
126.4000E-6,102.6E-6
126.4000E-6,-137.4E-6
126.6000E-6,222.6E-6
126.6000E-6,22.57E-6
126.8000E-6,-97.43E-6
126.8000E-6,182.6E-6
127.0000E-6,-217.4E-6
127.0000E-6,-57.43E-6
127.2000E-6,22.57E-6
127.2000E-6,-217.4E-6
127.4000E-6,102.6E-6
127.4000E-6,-57.43E-6
127.6000E-6,-177.4E-6
127.6000E-6,62.57E-6
127.8000E-6,-417.4E-6
127.8000E-6,-57.43E-6
128.0000E-6,142.6E-6
128.0000E-6,-297.4E-6
128.2001E-6,182.6E-6
128.2001E-6,22.57E-6
128.4001E-6,-17.43E-6
128.4001E-6,102.6E-6
128.6001E-6,-57.43E-6
128.6001E-6,142.6E-6
128.8001E-6,182.6E-6
128.8001E-6,62.57E-6
129.0001E-6,-217.4E-6
129.0001E-6,102.6E-6
129.2001E-6,-377.4E-6
129.2001E-6,-177.4E-6
129.4001E-6,-177.4E-6
129.4001E-6,-297.4E-6
129.6001E-6,102.6E-6
129.6001E-6,-217.4E-6
129.8001E-6,222.6E-6
129.8001E-6,22.57E-6
130.0001E-6,-97.43E-6
130.0001E-6,62.57E-6
130.2001E-6,-97.43E-6
130.2001E-6,62.57E-6
130.4001E-6,-257.4E-6
130.4001E-6,22.57E-6
130.6001E-6,-297.4E-6
130.6001E-6,-137.4E-6
130.8001E-6,-17.43E-6
130.8001E-6,-297.4E-6
131.0001E-6,62.57E-6
131.0001E-6,-97.43E-6
131.2001E-6,102.6E-6
131.2001E-6,-57.43E-6
131.4001E-6,-137.4E-6
131.4001E-6,62.57E-6
131.6001E-6,-217.4E-6
131.6001E-6,-57.43E-6
131.8001E-6,22.57E-6
131.8001E-6,-137.4E-6
132.0001E-6,-217.4E-6
132.0001E-6,22.57E-6
132.2001E-6,-337.4E-6
132.2001E-6,-177.4E-6
132.4001E-6,-57.43E-6
132.4001E-6,-257.4E-6
132.6001E-6,22.57E-6
132.6001E-6,-137.4E-6
132.8001E-6,-137.4E-6
132.8001E-6,22.57E-6
133.0001E-6,-137.4E-6
133.0001E-6,-57.43E-6
133.2001E-6,-137.4E-6
133.2001E-6,-17.43E-6
133.4001E-6,-137.4E-6
133.4001E-6,22.57E-6
133.6001E-6,-297.4E-6
133.6001E-6,-57.43E-6
133.8001E-6,-297.4E-6
133.8001E-6,-137.4E-6
134.0001E-6,102.6E-6
134.0001E-6,-177.4E-6
134.2001E-6,102.6E-6
134.2001E-6,-17.43E-6
134.4001E-6,-137.4E-6
134.4001E-6,62.57E-6
134.6001E-6,-217.4E-6
134.6001E-6,-97.43E-6
134.8000E-6,102.6E-6
134.8000E-6,-97.43E-6
135.0000E-6,-137.4E-6
135.0000E-6,62.57E-6
135.2000E-6,-217.4E-6
135.2000E-6,-17.43E-6
135.4000E-6,-17.43E-6
135.4000E-6,-217.4E-6
135.6000E-6,62.57E-6
135.6000E-6,-57.43E-6
135.8000E-6,-97.43E-6
135.8000E-6,22.57E-6
136.0000E-6,-177.4E-6
136.0000E-6,22.57E-6
136.2000E-6,62.57E-6
136.2000E-6,-137.4E-6
136.4000E-6,62.57E-6
136.4000E-6,-97.43E-6
136.6000E-6,-97.43E-6
136.6000E-6,62.57E-6
136.8000E-6,-137.4E-6
136.8000E-6,-57.43E-6
137.0000E-6,-137.4E-6
137.0000E-6,22.57E-6
137.2000E-6,62.57E-6
137.2000E-6,-97.43E-6
137.4000E-6,-57.43E-6
137.4000E-6,62.57E-6
137.6000E-6,-57.43E-6
137.6000E-6,102.6E-6
137.8000E-6,-57.43E-6
137.8000E-6,62.57E-6
138.0000E-6,-177.4E-6
138.0000E-6,22.57E-6
138.2000E-6,-177.4E-6
138.2000E-6,-17.43E-6
138.4000E-6,182.6E-6
138.4000E-6,-97.43E-6
138.6000E-6,342.6E-6
138.6000E-6,182.6E-6
138.8000E-6,-297.4E-6
138.8000E-6,222.6E-6
139.0000E-6,702.6E-6
139.0000E-6,-537.4E-6
139.2000E-6,6.543E-3
139.2000E-6,-3.657E-3
139.4000E-6,6.543E-3
139.4000E-6,-3.657E-3
139.6001E-6,6.543E-3
139.6001E-6,-3.657E-3
139.8001E-6,6.543E-3
139.8001E-6,-3.657E-3
140.0001E-6,1.863E-3
140.0001E-6,-3.657E-3
140.2001E-6,1.863E-3
140.2001E-6,-3.657E-3
140.4001E-6,6.543E-3
140.4001E-6,-3.657E-3
140.6001E-6,6.543E-3
140.6001E-6,-3.657E-3
140.8001E-6,6.543E-3
140.8001E-6,-3.657E-3
141.0001E-6,6.543E-3
141.0001E-6,-3.657E-3
141.2001E-6,6.543E-3
141.2001E-6,-3.657E-3
141.4001E-6,-897.4E-6
141.4001E-6,-3.657E-3
141.6001E-6,6.543E-3
141.6001E-6,-3.657E-3
141.8001E-6,3.743E-3
141.8001E-6,-3.657E-3
142.0001E-6,4.023E-3
142.0001E-6,-3.657E-3
142.2001E-6,3.583E-3
142.2001E-6,-3.657E-3
142.4001E-6,3.063E-3
142.4001E-6,-3.097E-3
142.6001E-6,1.983E-3
142.6001E-6,-2.337E-3
142.8001E-6,1.463E-3
142.8001E-6,-1.377E-3
143.0001E-6,782.6E-6
143.0001E-6,-857.4E-6
143.2001E-6,382.6E-6
143.2001E-6,-217.4E-6
143.4001E-6,342.6E-6
143.4001E-6,-177.4E-6
143.6001E-6,382.6E-6
143.6001E-6,-217.4E-6
143.8001E-6,422.6E-6
143.8001E-6,62.57E-6
144.0001E-6,542.6E-6
144.0001E-6,102.6E-6
144.2001E-6,422.6E-6
144.2001E-6,62.57E-6
144.4001E-6,742.6E-6
144.4001E-6,302.6E-6
144.6001E-6,582.6E-6
144.6001E-6,222.6E-6
144.8001E-6,702.6E-6
144.8001E-6,382.6E-6
145.0001E-6,662.6E-6
145.0001E-6,422.6E-6
145.2001E-6,782.6E-6
145.2001E-6,422.6E-6
145.4001E-6,822.6E-6
145.4001E-6,582.6E-6
145.6001E-6,502.6E-6
145.6001E-6,662.6E-6
145.8001E-6,542.6E-6
145.8001E-6,662.6E-6
146.0001E-6,822.6E-6
146.0001E-6,582.6E-6
146.2001E-6,822.6E-6
146.2001E-6,702.6E-6
146.4001E-6,702.6E-6
146.4001E-6,822.6E-6
146.6001E-6,622.6E-6
146.6001E-6,822.6E-6
146.8001E-6,862.6E-6
146.8001E-6,742.6E-6
147.0001E-6,662.6E-6
147.0001E-6,782.6E-6
147.2001E-6,502.6E-6
147.2001E-6,742.6E-6
147.4001E-6,742.6E-6
147.4001E-6,542.6E-6
147.6001E-6,782.6E-6
147.6001E-6,622.6E-6
147.8001E-6,582.6E-6
147.8001E-6,742.6E-6
148.0001E-6,382.6E-6
148.0001E-6,622.6E-6
148.2000E-6,622.6E-6
148.2000E-6,422.6E-6
148.4000E-6,742.6E-6
148.4000E-6,582.6E-6
148.6000E-6,502.6E-6
148.6000E-6,742.6E-6
148.8000E-6,342.6E-6
148.8000E-6,542.6E-6
149.0000E-6,222.6E-6
149.0000E-6,382.6E-6
149.2000E-6,502.6E-6
149.2000E-6,342.6E-6
149.4000E-6,142.6E-6
149.4000E-6,422.6E-6
149.6000E-6,142.6E-6
149.6000E-6,302.6E-6
149.8000E-6,182.6E-6
149.8000E-6,302.6E-6
150.0000E-6,142.6E-6
150.0000E-6,262.6E-6
150.2000E-6,-17.43E-6
150.2000E-6,262.6E-6
150.4000E-6,-97.43E-6
150.4000E-6,22.57E-6
150.6000E-6,262.6E-6
150.6000E-6,-17.43E-6
150.8000E-6,302.6E-6
150.8000E-6,62.57E-6
151.0000E-6,-97.43E-6
151.0000E-6,142.6E-6
151.2000E-6,-137.4E-6
151.2000E-6,62.57E-6
151.4000E-6,-377.4E-6
151.4000E-6,-17.43E-6
151.6000E-6,-137.4E-6
151.6000E-6,-337.4E-6
151.8000E-6,-17.43E-6
151.8000E-6,-177.4E-6
152.0000E-6,-457.4E-6
152.0000E-6,-57.43E-6
152.2000E-6,102.6E-6
152.2000E-6,-337.4E-6
152.4000E-6,-17.43E-6
152.4000E-6,-457.4E-6
152.6000E-6,-257.4E-6
152.6000E-6,-497.4E-6
152.8000E-6,-257.4E-6
152.8000E-6,-457.4E-6
153.0000E-6,-497.4E-6
153.0000E-6,-337.4E-6
153.2000E-6,-537.4E-6
153.2000E-6,-377.4E-6
153.4000E-6,-257.4E-6
153.4000E-6,-537.4E-6
153.6000E-6,-177.4E-6
153.6000E-6,-337.4E-6
153.8000E-6,-337.4E-6
153.8000E-6,-177.4E-6
154.0000E-6,-457.4E-6
154.0000E-6,-257.4E-6
154.2000E-6,-217.4E-6
154.2000E-6,-577.4E-6
154.4000E-6,-257.4E-6
154.4000E-6,-577.4E-6
154.6000E-6,-377.4E-6
154.6000E-6,-777.4E-6
154.8000E-6,-577.4E-6
154.8000E-6,-777.4E-6
155.0001E-6,-377.4E-6
155.0001E-6,-657.4E-6
155.2001E-6,-217.4E-6
155.2001E-6,-457.4E-6
155.4001E-6,-257.4E-6
155.4001E-6,-457.4E-6
155.6001E-6,-537.4E-6
155.6001E-6,-417.4E-6
155.8001E-6,-577.4E-6
155.8001E-6,-457.4E-6
156.0001E-6,-577.4E-6
156.0001E-6,-457.4E-6
156.2001E-6,-577.4E-6
156.2001E-6,-417.4E-6
156.4001E-6,-577.4E-6
156.4001E-6,-417.4E-6
156.6001E-6,-257.4E-6
156.6001E-6,-457.4E-6
156.8001E-6,-257.4E-6
156.8001E-6,-377.4E-6
157.0001E-6,-497.4E-6
157.0001E-6,-297.4E-6
157.2001E-6,-497.4E-6
157.2001E-6,-337.4E-6
157.4001E-6,-177.4E-6
157.4001E-6,-417.4E-6
157.6001E-6,-217.4E-6
157.6001E-6,-297.4E-6
157.8001E-6,-377.4E-6
157.8001E-6,-257.4E-6
158.0001E-6,-377.4E-6
158.0001E-6,-217.4E-6
158.2001E-6,-137.4E-6
158.2001E-6,-297.4E-6
158.4001E-6,-97.43E-6
158.4001E-6,-217.4E-6
158.6001E-6,-177.4E-6
158.6001E-6,-97.43E-6
158.8001E-6,-337.4E-6
158.8001E-6,-137.4E-6
159.0001E-6,-97.43E-6
159.0001E-6,-297.4E-6
159.2001E-6,-97.43E-6
159.2001E-6,-217.4E-6
159.4001E-6,22.57E-6
159.4001E-6,-177.4E-6
159.6001E-6,62.57E-6
159.6001E-6,-57.43E-6
159.8001E-6,-177.4E-6
159.8001E-6,22.57E-6
160.0001E-6,-137.4E-6
160.0001E-6,-17.43E-6
160.2001E-6,-257.4E-6
160.2001E-6,-57.43E-6
160.4001E-6,22.57E-6
160.4001E-6,-217.4E-6
160.6001E-6,182.6E-6
160.6001E-6,-57.43E-6
160.8001E-6,262.6E-6
160.8001E-6,102.6E-6
161.0001E-6,302.6E-6
161.0001E-6,182.6E-6
161.2001E-6,102.6E-6
161.2001E-6,302.6E-6
161.4000E-6,-137.4E-6
161.4000E-6,102.6E-6
161.6000E-6,-177.4E-6
161.6000E-6,-57.43E-6
161.8000E-6,102.6E-6
161.8000E-6,-137.4E-6
162.0000E-6,262.6E-6
162.0000E-6,22.57E-6
162.2000E-6,302.6E-6
162.2000E-6,102.6E-6
162.4000E-6,62.57E-6
162.4000E-6,182.6E-6
162.6000E-6,262.6E-6
162.6000E-6,102.6E-6
162.8000E-6,302.6E-6
162.8000E-6,62.57E-6
163.0000E-6,-17.43E-6
163.0000E-6,142.6E-6
163.2000E-6,-57.43E-6
163.2000E-6,102.6E-6
163.4000E-6,262.6E-6
163.4000E-6,-17.43E-6
163.6000E-6,302.6E-6
163.6000E-6,142.6E-6
163.8000E-6,422.6E-6
163.8000E-6,222.6E-6
164.0000E-6,182.6E-6
164.0000E-6,302.6E-6
164.2000E-6,142.6E-6
164.2000E-6,302.6E-6
164.4000E-6,22.57E-6
164.4000E-6,222.6E-6
164.6000E-6,-97.43E-6
164.6000E-6,102.6E-6
164.8000E-6,182.6E-6
164.8000E-6,-57.43E-6
165.0000E-6,382.6E-6
165.0000E-6,142.6E-6
165.2000E-6,342.6E-6
165.2000E-6,-57.43E-6
165.4000E-6,302.6E-6
165.4000E-6,-57.43E-6
165.6000E-6,302.6E-6
165.6000E-6,-57.43E-6
165.8000E-6,142.6E-6
165.8000E-6,-97.43E-6
166.0000E-6,102.6E-6
166.0000E-6,-57.43E-6
166.2000E-6,222.6E-6
166.2000E-6,-17.43E-6
166.4001E-6,262.6E-6
166.4001E-6,62.57E-6
166.6001E-6,-57.43E-6
166.6001E-6,142.6E-6
166.8001E-6,-137.4E-6
166.8001E-6,-17.43E-6
167.0001E-6,-177.4E-6
167.0001E-6,-17.43E-6
167.2001E-6,22.57E-6
167.2001E-6,-137.4E-6
167.4001E-6,-297.4E-6
167.4001E-6,-17.43E-6
167.6001E-6,102.6E-6
167.6001E-6,-337.4E-6
167.8001E-6,142.6E-6
167.8001E-6,22.57E-6
168.0001E-6,-137.4E-6
168.0001E-6,62.57E-6
168.2001E-6,-217.4E-6
168.2001E-6,-57.43E-6
168.4001E-6,-217.4E-6
168.4001E-6,-57.43E-6
168.6001E-6,22.57E-6
168.6001E-6,-137.4E-6
168.8001E-6,-297.4E-6
168.8001E-6,-97.43E-6
169.0001E-6,-377.4E-6
169.0001E-6,-217.4E-6
169.2001E-6,-377.4E-6
169.2001E-6,-217.4E-6
169.4001E-6,-17.43E-6
169.4001E-6,-257.4E-6
169.6001E-6,-17.43E-6
169.6001E-6,-257.4E-6
169.8001E-6,-297.4E-6
169.8001E-6,-177.4E-6
170.0001E-6,-297.4E-6
170.0001E-6,-137.4E-6
170.2001E-6,-377.4E-6
170.2001E-6,-177.4E-6
170.4001E-6,-377.4E-6
170.4001E-6,-257.4E-6
170.6001E-6,-177.4E-6
170.6001E-6,-297.4E-6
170.8001E-6,-97.43E-6
170.8001E-6,-257.4E-6
171.0001E-6,-297.4E-6
171.0001E-6,-137.4E-6
171.2001E-6,-417.4E-6
171.2001E-6,-137.4E-6
171.4001E-6,-217.4E-6
171.4001E-6,-417.4E-6
171.6001E-6,-137.4E-6
171.6001E-6,-297.4E-6
171.8001E-6,-97.43E-6
171.8001E-6,-337.4E-6
172.0001E-6,-137.4E-6
172.0001E-6,-297.4E-6
172.2001E-6,-297.4E-6
172.2001E-6,-177.4E-6
172.4001E-6,-377.4E-6
172.4001E-6,-177.4E-6
172.6001E-6,-377.4E-6
172.6001E-6,-257.4E-6
172.8001E-6,-137.4E-6
172.8001E-6,-377.4E-6
173.0001E-6,-17.43E-6
173.0001E-6,-217.4E-6
173.2001E-6,22.57E-6
173.2001E-6,-97.43E-6
173.4001E-6,-137.4E-6
173.4001E-6,22.57E-6
173.6001E-6,-177.4E-6
173.6001E-6,-57.43E-6
173.8001E-6,-217.4E-6
173.8001E-6,-97.43E-6
174.0001E-6,-257.4E-6
174.0001E-6,-137.4E-6
174.2001E-6,-257.4E-6
174.2001E-6,-137.4E-6
174.4001E-6,-57.43E-6
174.4001E-6,-217.4E-6
174.6000E-6,62.57E-6
174.6000E-6,-137.4E-6
174.8000E-6,102.6E-6
174.8000E-6,-97.43E-6
175.0000E-6,-177.4E-6
175.0000E-6,22.57E-6
175.2000E-6,-177.4E-6
175.2000E-6,-57.43E-6
175.4000E-6,22.57E-6
175.4000E-6,-137.4E-6
175.6000E-6,-177.4E-6
175.6000E-6,-57.43E-6
175.8000E-6,-177.4E-6
175.8000E-6,-57.43E-6
176.0000E-6,142.6E-6
176.0000E-6,-137.4E-6
176.2000E-6,222.6E-6
176.2000E-6,62.57E-6
176.4000E-6,22.57E-6
176.4000E-6,222.6E-6
176.6000E-6,-137.4E-6
176.6000E-6,102.6E-6
176.8000E-6,-137.4E-6
176.8000E-6,-17.43E-6
177.0000E-6,-137.4E-6
177.0000E-6,22.57E-6
177.2000E-6,62.57E-6
177.2000E-6,-57.43E-6
177.4000E-6,-57.43E-6
177.4000E-6,102.6E-6
177.6000E-6,222.6E-6
177.6000E-6,62.57E-6
177.8000E-6,22.57E-6
177.8000E-6,222.6E-6
178.0000E-6,-137.4E-6
178.0000E-6,102.6E-6
178.2000E-6,102.6E-6
178.2000E-6,-137.4E-6
178.4000E-6,62.57E-6
178.4000E-6,-217.4E-6
178.6000E-6,142.6E-6
178.6000E-6,-257.4E-6
178.8000E-6,142.6E-6
178.8000E-6,-97.43E-6
179.0000E-6,142.6E-6
179.0000E-6,-97.43E-6
179.2000E-6,142.6E-6
179.2000E-6,-57.43E-6
179.4000E-6,142.6E-6
179.4000E-6,-17.43E-6
179.6000E-6,-137.4E-6
179.6000E-6,102.6E-6
179.8000E-6,102.6E-6
179.8000E-6,-137.4E-6
180.0000E-6,62.57E-6
180.0000E-6,-137.4E-6
180.2000E-6,-217.4E-6
180.2000E-6,-97.43E-6
180.4000E-6,182.6E-6
180.4000E-6,-137.4E-6
180.6000E-6,182.6E-6
180.6000E-6,-137.4E-6
180.8000E-6,302.6E-6
180.8000E-6,-17.43E-6
181.0000E-6,182.6E-6
181.0000E-6,-57.43E-6
181.2000E-6,-297.4E-6
181.2000E-6,-57.43E-6
181.4000E-6,22.57E-6
181.4000E-6,-177.4E-6
181.6001E-6,62.57E-6
181.6001E-6,-97.43E-6
181.8001E-6,-177.4E-6
181.8001E-6,-17.43E-6
182.0001E-6,102.6E-6
182.0001E-6,-137.4E-6
182.2001E-6,62.57E-6
182.2001E-6,-97.43E-6
182.4001E-6,-137.4E-6
182.4001E-6,22.57E-6
182.6001E-6,-297.4E-6
182.6001E-6,-57.43E-6
182.8001E-6,-17.43E-6
182.8001E-6,-297.4E-6
183.0001E-6,182.6E-6
183.0001E-6,-97.43E-6
183.2001E-6,222.6E-6
183.2001E-6,-97.43E-6
183.4001E-6,-137.4E-6
183.4001E-6,-17.43E-6
183.6001E-6,-177.4E-6
183.6001E-6,22.57E-6
183.8001E-6,62.57E-6
183.8001E-6,-97.43E-6
184.0001E-6,-257.4E-6
184.0001E-6,-57.43E-6
184.2001E-6,-57.43E-6
184.2001E-6,-257.4E-6
184.4001E-6,102.6E-6
184.4001E-6,-137.4E-6
184.6001E-6,142.6E-6
184.6001E-6,22.57E-6
184.8001E-6,-137.4E-6
184.8001E-6,62.57E-6
185.0001E-6,-177.4E-6
185.0001E-6,-57.43E-6
185.2001E-6,-137.4E-6
185.2001E-6,-17.43E-6
185.4001E-6,-217.4E-6
185.4001E-6,-17.43E-6
185.6001E-6,-257.4E-6
185.6001E-6,-177.4E-6
185.8001E-6,-17.43E-6
185.8001E-6,-217.4E-6
186.0001E-6,142.6E-6
186.0001E-6,-57.43E-6
186.2001E-6,142.6E-6
186.2001E-6,22.57E-6
186.4001E-6,-57.43E-6
186.4001E-6,102.6E-6
186.6001E-6,-137.4E-6
186.6001E-6,62.57E-6
186.8001E-6,-257.4E-6
186.8001E-6,-17.43E-6
187.0001E-6,-337.4E-6
187.0001E-6,-177.4E-6
187.2001E-6,-57.43E-6
187.2001E-6,-257.4E-6
187.4001E-6,102.6E-6
187.4001E-6,-137.4E-6
187.6001E-6,62.57E-6
187.6001E-6,-57.43E-6
187.8000E-6,-177.4E-6
187.8000E-6,62.57E-6
188.0000E-6,-177.4E-6
188.0000E-6,-17.43E-6
188.2000E-6,-137.4E-6
188.2000E-6,-17.43E-6
188.4000E-6,-177.4E-6
188.4000E-6,22.57E-6
188.6000E-6,-297.4E-6
188.6000E-6,-137.4E-6
188.8000E-6,22.57E-6
188.8000E-6,-257.4E-6
189.0000E-6,22.57E-6
189.0000E-6,-177.4E-6
189.2000E-6,-217.4E-6
189.2000E-6,-97.43E-6
189.4000E-6,-217.4E-6
189.4000E-6,-97.43E-6
189.6000E-6,22.57E-6
189.6000E-6,-177.4E-6
189.8000E-6,102.6E-6
189.8000E-6,-17.43E-6